{
  "accuracy": 0.38666666666666666,
  "precision": 0.09090909090909091,
  "recall": 0.4,
  "f1": 0.14814814814814814,
  "roc_auc": 0.4246153846153846,
  "pr_auc": 0.17089080718779967,
  "confusion_matrix": [
    [
      25,
      40
    ],
    [
      6,
      4
    ]
  ],
  "classification_report": "              precision    recall  f1-score   support\n\n           0       0.81      0.38      0.52        65\n           1       0.09      0.40      0.15        10\n\n    accuracy                           0.39        75\n   macro avg       0.45      0.39      0.33        75\nweighted avg       0.71      0.39      0.47        75\n",
  "n_train": 225,
  "n_test": 75,
  "positive_rate_train": 0.14222222222222222,
  "positive_rate_test": 0.13333333333333333
}