probability_1_5,1,2,3,4,5
1,1269554.2333333334,3695744.0,4927023.399999999,6586151.5,14008866.166666666
2,2357724.2,14037551.4,20693691.833333332,41109051.4,42557666.666666664
3,3090013.5,17334144.966666665,26319249.933333334,27122266.96666667,54634188.699999996
4,5649801.866666666,18887962.03333333,45064499.9,45216172.06666667,62996076.5
5,7784588.7,22255127.033333335,68298309.86666667,119590715.03333333,109315403.56666668
