probability_1_5,1,2,3,4,5
1,1450156.5552959498,4038664.028816199,5397169.83372274,5942362.274532709,15921492.46066978
2,3243314.516744548,20930232.37538941,29934762.955607474,60052862.362538934,68389447.03232087
3,462200.7686915888,8657524.144859811,27000980.067757007,31636455.122663546,43004137.48247663
4,5799900.107087227,23399108.71222741,45303127.40031152,59511695.60864485,73386853.9715732
5,11808893.375,26859692.30880062,67726216.1978193,82503058.73364484,104226628.6401869
