{
  "t1": 0.3999999999999986,
  "t2": 0.7916666666666666,
  "prop_low": 0.7,
  "prop_med": 0.18666666666666668,
  "prop_high": 0.11333333333333333,
  "recall_high": 0.425,
  "fp_rate_high": 0.0,
  "crit_in_high": 34,
  "non_in_high": 0,
  "prop_ok": true,
  "fp_ok": true,
  "p1": 70,
  "p2": 89,
  "reason": "feasible_prop_fp"
}