{
  "t1": 0.050481758862733796,
  "t2": 0.26595532894134527,
  "prop_low": 0.68,
  "prop_med": 0.2,
  "prop_high": 0.12,
  "recall_high": 0.2,
  "fp_rate_high": 0.1076923076923077,
  "crit_in_high": 2,
  "non_in_high": 7,
  "prop_ok": true,
  "fp_ok": true,
  "p1": 68,
  "p2": 88,
  "reason": "feasible_prop_fp"
}